,Company,Purpose
0,Clayton-Bender,Robust bottom-line software for engineer next-generation initiatives
1,"Moreno, Ortiz and Marquez",Cross-group regional utilization for aggregate extensible infrastructures
2,"Aguilar, Campos and Brown",Ameliorated high-level synergy for facilitate web-enabled vortals
3,Foley Ltd,Distributed 3rdgeneration encoding for visualize sticky technologies
4,Jones-Caldwell,Multi-layered grid-enabled capability for embrace leading-edge convergence
5,Jones Inc,Down-sized 4thgeneration projection for optimize mission-critical portals
6,Harvey LLC,Reverse-engineered 24/7 portal for morph enterprise portals
7,Mcmahon Group,Persevering system-worthy success for whiteboard out-of-the-box applications
8,Hall and Sons,Virtual multimedia concept for benchmark sticky communities
9,Stephens LLC,Robust demand-driven hub for utilize value-added vortals
10,"Williams, Anderson and Coffey",Seamless attitude-oriented Internet solution for re-intermediate end-to-end networks
11,"Baker, Olson and Sharp",Right-sized 5thgeneration flexibility for morph scalable partnerships
12,Smith-Mcdaniel,Synergistic 4thgeneration knowledge user for envisioneer transparent relationships
13,"Vaughan, Fuentes and Rosario",Sharable web-enabled contingency for repurpose collaborative e-markets
14,"Rojas, Adams and Bell",Synergistic zero-defect definition for e-enable one-to-one bandwidth
15,"Ray, Chavez and Miller",Compatible encompassing structure for enhance magnetic action-items
16,Duarte PLC,Horizontal mission-critical success for integrate magnetic partnerships
17,Hughes Inc,Mandatory foreground data-warehouse for deliver global portals
18,Wilkerson Ltd,Customizable impactful projection for incubate wireless functionalities
19,"Malone, Blackwell and Barnes",Phased mission-critical concept for grow customized e-tailers
20,Garcia LLC,Robust actuating core for transition impactful systems
21,Perez and Sons,Open-source real-time Internet solution for visualize sticky applications
22,Watson-Raymond,Enhanced analyzing attitude for incentivize enterprise mindshare
23,Welch-Moore,Up-sized bifurcated pricing structure for incubate robust e-commerce
24,"Ayers, Miller and Rodgers",Polarized next generation utilization for extend leading-edge solutions
25,Carroll PLC,Versatile cohesive interface for morph magnetic networks
26,Cunningham Ltd,Inverse radical orchestration for disintermediate proactive applications
27,Mann PLC,Inverse client-driven concept for empower innovative networks
28,Stevens Inc,Cloned even-keeled Graphical User Interface for expedite best-of-breed e-services
29,"Bowers, Snow and Ashley",Networked systematic knowledgebase for generate strategic action-items
30,"Johnson, Blake and Brown",Configurable heuristic hardware for integrate enterprise relationships
31,Carson-Davis,Proactive bottom-line definition for iterate B2C paradigms
32,Howard-Conway,Exclusive 3rdgeneration ability for aggregate sticky e-services
33,Rhodes Inc,Programmable 5thgeneration utilization for innovate enterprise deliverables
34,Roach LLC,Phased dedicated website for redefine mission-critical schemas
35,Webster-Cobb,Inverse 6thgeneration installation for matrix cutting-edge paradigms
36,Jones-Munoz,Cloned encompassing definition for optimize front-end e-commerce
37,Nguyen Group,De-engineered disintermediate customer loyalty for re-contextualize strategic interfaces
38,Harrison Group,Secured modular firmware for incubate open-source web services
39,Edwards-Jenkins,Phased client-server intranet for seize collaborative networks
40,Moss-Butler,Customizable bandwidth-monitored budgetary management for iterate dot-com networks
41,Harper-Knapp,Visionary leadingedge circuit for empower seamless methodologies
42,Johnson Inc,Front-line optimal system engine for visualize cross-platform initiatives
43,Perez LLC,Progressive 24hour knowledgebase for empower dot-com paradigms
44,"Buckley, Suarez and Cuevas",Operative multi-tasking data-warehouse for syndicate user-centric vortals
45,"Nixon, Hester and Austin",Multi-lateral logistical protocol for whiteboard impactful eyeballs
46,Burns and Sons,Synchronized next generation algorithm for productize global ROI
47,Harris-Dunn,Expanded intermediate database for benchmark best-of-breed convergence
48,Duncan Inc,De-engineered attitude-oriented intranet for integrate magnetic e-business
49,Johnson PLC,Triple-buffered national core for mesh e-business models
