Names,Purpose
 Reese and Sons, Business-focused modular infrastructure for revolutionize clicks-and-mortar bandwidth
" Green, Rodriguez and Reyes", Phased asymmetric database for incentivize end-to-end initiatives
" Evans, David and Long", Virtual reciprocal productivity for mesh transparent e-tailers
" Wright, Bates and Alexander", Ameliorated human-resource neural-net for redefine impactful ROI
 Davies-Mitchell, Innovative optimizing benchmark for engage magnetic communities
" Russell, Moody and Mills", Balanced analyzing migration for implement real-time e-services
 Perez-Fisher, Virtual stable conglomeration for unleash scalable web services
 Miller-Miles, Managed maximized paradigm for repurpose frictionless architectures
 Marquez-James, Enhanced upward-trending ability for grow bleeding-edge interfaces
" Mueller, Barker and Orr", Cross-platform value-added collaboration for empower turn-key paradigms
" Anderson, Beltran and Charles", Fundamental regional application for implement dynamic convergence
 Taylor Inc, Cross-group empowering model for extend frictionless experiences
 Walker Ltd, Automated transitional model for enhance web-enabled models
 Cisneros-Sims, Sharable background infrastructure for unleash innovative synergies
 Knapp-Martin, Secured neutral analyzer for leverage extensible vortals
 Davis-Luna, Optimized 5thgeneration website for engage sticky e-markets
" Pruitt, Wolfe and May", Reduced uniform time-frame for visualize cross-platform paradigms
" Vance, Ray and Austin", Automated bandwidth-monitored success for reinvent enterprise relationships
 Dennis-Strickland, Progressive didactic migration for synergize 24/7 communities
" Perez, Townsend and Miller", Intuitive leadingedge solution for exploit virtual metrics
 Heath PLC, Streamlined clear-thinking data-warehouse for innovate wireless markets
" Vasquez, Johnson and Becker", Intuitive 24/7 circuit for enhance scalable deliverables
 Thomas-Holland, User-centric encompassing Local Area Network for enhance out-of-the-box initiatives
" Lang, Harrison and Gillespie", Cross-group intermediate system engine for transform cross-media portals
 Hall LLC, Realigned multi-state access for implement wireless convergence
 Sparks-Buchanan, Distributed incremental software for productize intuitive applications
 Wagner-Reid, Switchable next generation pricing structure for empower end-to-end metrics
 Jones-Nelson, Monitored empowering hierarchy for iterate sticky supply-chains
" Moore, Rodriguez and Bass", Operative well-modulated hardware for integrate distributed solutions
 Hubbard LLC, Up-sized attitude-oriented adapter for orchestrate efficient content
 Oconnor-Burton, Sharable intermediate projection for utilize clicks-and-mortar methodologies
 Weaver and Sons, Profit-focused exuding solution for unleash cross-media bandwidth
" Thompson, Stewart and King", Customizable 4thgeneration service-desk for architect collaborative mindshare
" Hoffman, Clark and Calderon", User-friendly stable artificial intelligence for benchmark collaborative infrastructures
 Blackburn PLC, Realigned fault-tolerant function for aggregate turn-key ROI
 Cox Inc, Reduced full-range complexity for exploit holistic solutions
 Morgan Inc, Polarized coherent core for whiteboard integrated models
 Robinson-Castillo, Streamlined multi-tasking implementation for evolve interactive mindshare
" Lucas, Hernandez and Stokes", Extended 5thgeneration portal for orchestrate B2B platforms
" Reynolds, Crawford and Richards", Future-proofed well-modulated framework for scale B2C platforms
 Lewis and Sons, Reverse-engineered national parallelism for repurpose dot-com web-readiness
 Thompson LLC, De-engineered content-based secured line for incentivize next-generation solutions
 Wise-Lyons, Persevering 24/7 collaboration for aggregate intuitive systems
 Zuniga PLC, Distributed 24hour capacity for synergize user-centric networks
 Beck Inc, Down-sized multimedia flexibility for re-intermediate 24/365 models
" Phelps, Mccarthy and Marks", Multi-tiered encompassing model for embrace value-added solutions
 Miles Ltd, Automated encompassing neural-net for aggregate killer convergence
 Jones-Gonzalez, Cross-group well-modulated architecture for synergize interactive content
 Nguyen-Jenkins, Distributed intangible concept for engineer revolutionary deliverables
 Drake-Keller, Triple-buffered transitional definition for exploit sticky action-items