,Name,Purpose
0,"Aguirre, Burton and King",Implemented clear-thinking migration for transform rich deliverables
1,"Thornton, Espinoza and Adkins",Exclusive client-driven methodology for transform world-class markets
2,Davis Inc,Grass-roots holistic software for implement vertical channels
3,Jones-Allen,Streamlined fault-tolerant support for synergize front-end metrics
4,Brock Ltd,Streamlined high-level toolset for re-intermediate mission-critical content
5,Williams-Burch,Profound homogeneous utilization for reinvent intuitive e-tailers
6,"Holden, Brown and Hicks",Integrated asymmetric emulation for seize magnetic partnerships
7,"Williams, Andrade and Silva",Intuitive static firmware for orchestrate vertical metrics
8,"Diaz, Harris and Hodges",Persistent disintermediate portal for benchmark rich markets
9,Kelly LLC,Devolved contextually-based approach for seize B2B technologies
10,Johnson and Sons,Automated disintermediate initiative for enable intuitive web-readiness
11,Powers PLC,Implemented solution-oriented open architecture for evolve innovative portals
12,"Arnold, Duncan and Rhodes",Right-sized multi-state knowledge user for transition frictionless models
13,Sexton-Sullivan,Decentralized non-volatile secured line for reinvent viral users
14,Carter LLC,Digitized disintermediate superstructure for harness compelling interfaces
15,Ramirez-Hall,Synergistic attitude-oriented support for aggregate visionary users
16,Ho-Gray,Object-based dedicated Graphic Interface for disintermediate global content
17,Richardson Inc,Mandatory logistical hardware for benchmark dynamic synergies
18,Rodriguez LLC,Visionary zero-defect projection for innovate transparent e-commerce
19,Rivera Group,Implemented logistical data-warehouse for expedite turn-key ROI
20,Bauer Ltd,Sharable local benchmark for visualize cross-media bandwidth
21,Bauer Group,Horizontal grid-enabled approach for unleash rich communities
22,Keller Inc,Open-architected demand-driven challenge for productize world-class info-mediaries
23,Elliott-Rodriguez,Polarized secondary attitude for maximize vertical architectures
24,Greene Group,Team-oriented executive application for synthesize next-generation web services
25,Simmons LLC,Profound asymmetric function for unleash integrated applications
26,"Jones, Gonzalez and Martin",Exclusive logistical Local Area Network for revolutionize interactive users
27,Flowers-Cole,Reduced dynamic artificial intelligence for exploit leading-edge web-readiness
28,Boyd Inc,Exclusive static adapter for streamline scalable partnerships
29,Mendez Ltd,Open-source 4thgeneration complexity for disintermediate intuitive architectures
30,"Sanchez, Harper and Brown",Inverse clear-thinking approach for redefine B2B platforms
31,Potter and Sons,User-centric next generation access for target dynamic infrastructures
32,Rivera-Hansen,Expanded executive alliance for unleash compelling ROI
33,Moreno-Hicks,Reduced 3rdgeneration concept for facilitate real-time ROI
34,White-White,Diverse high-level infrastructure for target end-to-end e-commerce
35,Peterson-Arellano,Configurable uniform info-mediaries for redefine dot-com synergies
36,Lopez-Dennis,Ergonomic fault-tolerant customer loyalty for seize transparent action-items
37,"Romero, Lewis and Martin",Cross-platform eco-centric system engine for matrix granular metrics
38,"Fitzgerald, Guzman and Downs",Organized non-volatile projection for enhance proactive models
39,Johnson PLC,Organic zero-defect archive for mesh extensible eyeballs
40,Garrett-Mcmillan,Exclusive local hierarchy for seize bricks-and-clicks solutions
41,Jackson-Weaver,Customer-focused reciprocal initiative for brand efficient models
42,Townsend-Weaver,Streamlined demand-driven collaboration for synthesize global architectures
43,Bowman-Herrera,Pre-emptive discrete open system for redefine bleeding-edge e-services
44,Orozco-Mclaughlin,Optimized global standardization for leverage end-to-end e-commerce
45,Hines-Baird,User-centric user-facing software for implement ubiquitous functionalities
46,"Willis, Webb and Hill",Sharable mission-critical toolset for transition end-to-end niches
47,Caldwell PLC,Object-based didactic info-mediaries for expedite sticky ROI
48,"Kelley, Simpson and Morgan",Managed responsive initiative for aggregate B2B mindshare
49,Hicks-Pearson,Configurable systematic installation for streamline best-of-breed channels
